ID,Title,Metafield: custom.safety_data_sheet [file_reference]
7082081419306,"Oxalic Acid, Dihydrate - Ethanedioic Acid",https://alliancechemical.com/cdn/shop/files/SDS_Oxalic_Acid_Dihydrate_Alliance_2022_062099f2-6479-426b-98b1-54708b09a381.pdf
7082081452074,"Perchloroethylene (PCE, PERC)",https://alliancechemical.com/cdn/shop/files/perchloroethylene.pdf
7082081484842,Perchloroethylene ACS Grade,https://alliancechemical.com/cdn/shop/files/PERCHLOROETHYLENE_ACS.pdf
7082081517610,Petroleum Ether ACS Reagent Grade,https://alliancechemical.com/cdn/shop/files/SDS_Petroleum_Ether__Alliance_Chemical.pdf
7082081583146,Petroleum Ether Technical Grade,https://alliancechemical.com/cdn/shop/files/SDS_Petroleum_Ether__Alliance_Chemical_624e4315-3885-4cdd-b628-ad8a9b375356.pdf
7082081615914,Phosphoric Acid 30% - The Ultimate Rust Remover Solution,https://alliancechemical.com/cdn/shop/files/Phosphoric_Acid_30.pdf
7082081681450,Phosphoric Acid 75 ACS Grade,https://alliancechemical.com/cdn/shop/files/Phosphoric_Acid_75_All_Grades.pdf
7082081779754,Phosphoric Acid 75%,https://alliancechemical.com/cdn/shop/files/Phosphoric_Acid_75_All_Grades.pdf
7082081812522,Phosphoric Acid 75% USP Food Grade,https://alliancechemical.com/cdn/shop/files/Phosphoric_Acid_75_All_Grades.pdf
7082081845290,Phosphoric Acid 85% - Technical Grade,https://alliancechemical.com/cdn/shop/files/SDS__Phosphoric_Acid_85_Alliance_2022.pdf
7082081878058,Phosphoric Acid 85% ACS Grade,https://alliancechemical.com/cdn/shop/files/Phosphoric_Acid_85_Alliance_335b03a4-9c00-4773-be1f-b355dff9ad4f.pdf
7082081910826,Phosphoric Acid 85% Food Grade,https://alliancechemical.com/cdn/shop/files/Phosphoric_Acid_85_Alliance.pdf
7082081943594,pH-Ree Fall - World Class Buffering Solution For PH Stability Made From Phosphoric Acid,https://alliancechemical.com/cdn/shop/files/SDS_pH_Ree_Fall_Liquid_ALLIANCE_MAR_2023.pdf
7082081976362,Polyethylene Glycol 200 (PEG),https://alliancechemical.com/cdn/shop/files/peg-200-2022.pdf
7082082041898,Potassium Bicarbonate - FCC USP Grade,https://alliancechemical.com/cdn/shop/files/POTASSIUM_BICARBONATE_USP.pdf
7082082140202,Potassium Hydroxide Flakes ACS Grade,https://alliancechemical.com/cdn/shop/files/SDS_Potassium_Hydroxide_Solid_Alliance.pdf
7082082172970,Potassium Hydroxide (KOH),https://alliancechemical.com/cdn/shop/files/SDS_Potassium_Hydroxide_Solid_Alliance.pdf
7082082205738,Propylene Glycol Inhibited ACS Grade,https://alliancechemical.com/cdn/shop/files/Propylene_Glycol_Inhibited_9ada4a45-618f-40e9-9363-5f4424912b35.pdf
7082082238506,Propylene Glycol Technical Grade,https://alliancechemical.com/cdn/shop/files/propylene-glycol.pdf
7082082271274,Propylene Glycol USP Grade,https://alliancechemical.com/cdn/shop/files/propylene-glycol.pdf
7082082304042,Siphon Drum Pump,
7082082336810,Soda Ash,https://alliancechemical.com/cdn/shop/files/Sodium_Carbonate_Anhydrous_Powder_Soda_Ash_Alliance_May_2023.pdf
7082082369578,Sodium Bisulfite 40%,https://alliancechemical.com/cdn/shop/files/SODIUM_BISULFITE_40.pdf
7082082435114,Sodium Bisulfite 40% ACS Grade,https://alliancechemical.com/cdn/shop/files/SODIUM_BISULFITE_40_c1f1286c-fe31-46bb-8d3c-9f3a477aba7a.pdf
7082082467882,Sodium Hydroxide 25%,https://alliancechemical.com/cdn/shop/files/Sodium_Hydroxide_25_Alliance.pdf
7082082500650,Sodium Hydroxide 25% ACS Grade,https://alliancechemical.com/cdn/shop/files/Sodium_Hydroxide_25_Alliance_568b69d0-e3af-4cfa-a29b-62303e426b4c.pdf
7082082533418,"Sodium Hydroxide 50% Membrane Grade (Caustic Soda, Lye)",https://alliancechemical.com/cdn/shop/files/SDS_Sodium_Hydroxide_50_Membrane_Grade_Tech_ALLIANCE.pdf
7082082566186,Sodium Hydroxide 50% Solution ACS Grade,https://alliancechemical.com/cdn/shop/files/SDS_Sodium_Hydroxide_50_Membrane_Grade_Tech_ALLIANCE.pdf
7082082598954,Sodium Hydroxide Flakes,https://alliancechemical.com/cdn/shop/files/SODIUM_HYDROXIDE_FLAKE_Alliance_2020_c13d4bf5-ba4f-41a7-be90-6ad2dcd05e19.pdf
7082082697258,Sodium Hydroxide Flakes ACS Grade,https://alliancechemical.com/cdn/shop/files/SODIUM_HYDROXIDE_FLAKE_Alliance_2020.pdf
7082082762794,Sodium Hypochlorite 12.5%,https://alliancechemical.com/cdn/shop/files/sodium-hypochlorite-12.5_-nsf.pdf
7082082795562,Sodium Hypochlorite 5.25%,https://alliancechemical.com/cdn/shop/files/sodium-hypochlorite-5.25.pdf
7082082828330,Sodium Thiosulfate,https://alliancechemical.com/cdn/shop/files/SDS_Sodium_Thiosulfate_-_Pentahydrate_-_Crystal_-_ACS_Alliance.pdf
7082082893866,Sulfuric Acid 30%,
7082082926634,Sulfuric Acid 37% - Battery Acid,https://alliancechemical.com/cdn/shop/files/Sulfuric_Acid_37.pdf
7082082959402,Sulfuric Acid 50% - Electrolyte Grade,https://alliancechemical.com/cdn/shop/files/Sulfuric_Acid_50.pdf
7082083024938,Sulfuric Acid 70%,https://alliancechemical.com/cdn/shop/files/Sulfuric_Acid_70.pdf
7082083123242,Sulfuric Acid 93% Technical Grade,https://alliancechemical.com/cdn/shop/files/Sulfuric_Acid_93.pdf
7082083156010,Sulfuric Acid 96% ACS Grade,https://alliancechemical.com/cdn/shop/files/SDS_SULFURIC_ACID_96__ACS_PHARMCO.pdf
7082083221546,Talc Powder ACS,https://alliancechemical.com/cdn/shop/files/SDS_Talc_-_Powder_Alliance.pdf
7082083287082,Tert Butyl Acetate (TBA),https://alliancechemical.com/cdn/shop/files/tert-butyl-acetate.pdf
7082083319850,Toluene,https://alliancechemical.com/cdn/shop/files/Toluene_Alliance_Chemical_2023.pdf
7082083450922,Trichloroethylene (TCE) ACS Grade,https://alliancechemical.com/cdn/shop/files/SDS_Trichloroethylene_TCE_Alliance_NOV_21.pdf
7082083549226,Trichloroethylene (TCE) Technical Grade,https://alliancechemical.com/cdn/shop/files/SDS_Trichloroethylene_TCE_Alliance_NOV_21.pdf
7082083581994,Trisodium EDTA,https://alliancechemical.com/cdn/shop/files/SDS_Ethylenediaminetetraacetic_acid_trisodium_SALT_ALLIANCE_2020.pdf
7082083647530,Trisodium Phosphate Dodecahydrate - ACS Reagent Grade,https://alliancechemical.com/cdn/shop/files/Trisodium-Phosphate-Dodecahydrate.pdf
7082083680298,Urea - Organic Nitrogen,https://alliancechemical.com/cdn/shop/files/SDS_UREA_Alliance.pdf
7082083778602,75% Vinegar ACS Grade,https://alliancechemical.com/cdn/shop/files/Vinegar_75.pdf
7082083811370,VM&P Naphtha,https://alliancechemical.com/cdn/shop/files/VMP_NAPHTHA_ALLIANCE.pdf
7082083876906,Xylene,https://alliancechemical.com/cdn/shop/files/SDS_XYLENE_Alliance.pdf
7082083909674,Xylene ACS Grade,https://alliancechemical.com/cdn/shop/files/SDS_XYLENE_Alliance.pdf
7091794280490,Acetic Acid Glacial - Food Grade,https://alliancechemical.com/cdn/shop/files/acetic-acid-glacial-2023.pdf
7463178141738,Mineral Spirits - Odorless Solvent & Thinner,https://alliancechemical.com/cdn/shop/files/Odorless_Mineral_Spirits_alliance_2024.pdf
7517834149930,Cadmium Oxide Powder Technical,https://alliancechemical.com/cdn/shop/files/SDS_Cadmium_Oxide_Alliance_2024.pdf
7517840179242,Cadmium Oxide Powder ACS Reagent,https://alliancechemical.com/cdn/shop/files/SDS_Cadmium_Oxide_Alliance_2024.pdf
7517842112554,Sodium Dichromate Dihydrate,https://alliancechemical.com/cdn/shop/files/SDS_Sodium_Dichromate_Dihydrate_ELEMENTIS.pdf
7546576633898,Ethylene Glycol 30/70,
7547567931434,10% Diluted Acetic Acid Food Grade,
7547567964202,20% Diluted Acetic Acid Food Grade,
7547567996970,30% Diluted Acetic Acid Food Grade,
7547568062506,50% Diluted Acetic Acid Food Grade,
7547587919914,50% Propylene Glycol Inhibited,
7547587952682,50% Propylene Glycol Technical Grade,
7547588018218,50% Propylene Glycol USP Grade,
7547588050986,40% Propylene Glycol Inhibited,
7547588116522,40% Propylene Glycol Technical Grade,
7547588182058,40% Propylene Glycol USP Grade,
7547588214826,30% Propylene Glycol Inhibited,
7547588247594,30% Propylene Glycol Technical Grade,
7547588313130,30% Propylene Glycol USP Grade,
7547601780778,5% Diluted Acetic Acid Food Grade,
7548238331946,75% Diluted Acetic Acid Food Grade,
7551950127146,Full Synthetic SAE 75W-90 Heavy Duty Gear Lubricant,
7551950159914,Full Synthetic SAE 85W-140 Heavy Duty Gear Lubricant,
7563009851434,100% USP Grade Pure Castor Oil,https://alliancechemical.com/cdn/shop/files/Castor_Oil_Alliance_2023_ef851d97-85f9-4bda-9637-38d6bfe9fe63.pdf
7575833116714,Sodium Metabisulfite - Technical Grade,
7575833215018,Sodium Metabisulfite - ACS Grade,
7575833247786,Sodium Metabisulfite - Food Grade,
7080538374186,Hexane Technical Grade,https://alliancechemical.com/cdn/shop/files/hexane.pdf
7082073915434,1 Gallon Clear HPDE Jug,
7082074013738,10% Vinegar - Concentrated Industrial Strength,https://alliancechemical.com/cdn/shop/files/Acetic_Acid_10_v-v.pdf
7082074112042,100% Ethylene Glycol Inhibited,https://alliancechemical.com/cdn/shop/files/ETHYLENE_GLYCOL_100_INHIBITED.pdf
7082074144810,100% Propylene Glycol Inhibited,https://alliancechemical.com/cdn/shop/files/Propylene_Glycol_Inhibited.pdf
7082074210346,100% Pure Castor Oil,https://alliancechemical.com/cdn/shop/files/Castor_Oil_Alliance_2023.pdf
7082074308650,100% Pure Castor Oil ACS Grade,https://alliancechemical.com/cdn/shop/files/Castor-Oil_ACS.pdf
7082074341418,30% Vinegar - Concentrated Industrial Strength,https://alliancechemical.com/cdn/shop/files/Vinegar_30.pdf
7082074439722,50% Vinegar - Concentrated Industrial Strength,https://alliancechemical.com/cdn/shop/files/Vinegar_50.pdf
7082074505258,"55 Gallon Open Head Steel Recon Drum, UN Rated, Bolt Ring D Black",
7082074603562,60/40 Methanol/ DI Water Solution,https://alliancechemical.com/cdn/shop/files/60-40_Methanol-Water.pdf
7082074669098,60/40 Methanol/DI Water Solution ACS Grade,https://alliancechemical.com/cdn/shop/files/60-40_Methanol-Water_d5b4dd44-d1b1-4b6f-96d7-001a5f91fa52.pdf
7082074734634,75% Vinegar,https://alliancechemical.com/cdn/shop/files/Vinegar_75.pdf
7082074767402,A-A-59601E Type III,https://alliancechemical.com/cdn/shop/files/Dry_Cleaning_Solvent_A-A-59601_TYPE_III_Alliance.pdf
7082074832938,A-A-59601E Type III ACS Grade,https://alliancechemical.com/cdn/shop/files/Dry_Cleaning_Solvent_A-A-59601_TYPE_III_Alliance.pdf
7082074964010,Acetic Acid Glacial ACS Grade,https://alliancechemical.com/cdn/shop/files/acetic-acid-glacial-2023.pdf
7082074996778,Acetic Acid Glacial Technical,https://alliancechemical.com/cdn/shop/files/acetic-acid-glacial-2023.pdf
7082075029546,Acetone ACS Grade,https://alliancechemical.com/cdn/shop/files/acetone_62ca6c02-7395-4546-a3fb-9c2aae171c16.pdf
7082075127850,Acetone Technical Grade,https://alliancechemical.com/cdn/shop/files/acetone.pdf
7082075160618,Aluminum Sulfate 50%,https://alliancechemical.com/cdn/shop/files/aluminum-sulfate-50.pdf
7082075258922,Aluminum Sulfate Hydrate ACS Grade,https://alliancechemical.com/cdn/shop/files/Alumunium_sulphate-Alliance.pdf
7082075291690,Ammonium Bifluoride Flakes,https://alliancechemical.com/cdn/shop/files/Ammonium_Bifluoride_Flakes.pdf
7082075324458,Ammonium Hydroxide 29% ACS Grade,https://alliancechemical.com/cdn/shop/files/ammon-hydroxide-30.pdf
7082075389994,Ammonium Hydroxide 29% Technical Grade,https://alliancechemical.com/cdn/shop/files/ammon-hydroxide-30.pdf
7082075455530,Amyl Acetate,https://alliancechemical.com/cdn/shop/files/amyl-acetate.pdf
7082075488298,Amyl Acetate ACS Grade,https://alliancechemical.com/cdn/shop/files/amyl-acetate.pdf
7082075553834,Arctic Assist,https://alliancechemical.com/cdn/shop/files/Arctic_Assist_Alliance.pdf
7082075586602,Battery Water,https://alliancechemical.com/cdn/shop/files/Battery_Water.pdf
7082075652138,Blendpro - Professional Paint Thinning Solution,https://alliancechemical.com/cdn/shop/files/Blendpro_Thinner.pdf
7082075717674,Boric Acid,https://alliancechemical.com/cdn/shop/files/boric-acid-tech.pdf
7082075750442,Boric Acid Powder 99% Acs Grade,https://alliancechemical.com/cdn/shop/files/boric-acid-granular-acs.pdf
7082075881514,Calcium Chloride,https://alliancechemical.com/cdn/shop/files/SDS_Calcium_Chloride_Anhydrous__ACS_ALLIANCE.pdf
7082075947050,Citric Acid 25% Solution,https://alliancechemical.com/cdn/shop/files/Citric_Acid_25.pdf
7082075979818,Citric Acid 50% Solution,https://alliancechemical.com/cdn/shop/files/Citric_Acid_50.pdf
7082076012586,Citric Acid Monohydrate - USP Food Grade,https://alliancechemical.com/cdn/shop/files/SDS_CITRIC_ACID_MONOHYDRATE_ACS_Alliance_2023.pdf
7082076110890,Cyclohexanone ACS Grade,https://alliancechemical.com/cdn/shop/files/Cyclohexanone.pdf
7082076209194,Cyclohexanone Technical Grade,https://alliancechemical.com/cdn/shop/files/Cyclohexanone.pdf
7082076241962,Deionized Water,https://alliancechemical.com/cdn/shop/files/SDS_Distilled_Deionized_REAGENT_WATER_Alliance_2020.pdf
7082076274730,Denatured Alcohol 190 Proof 3A,https://alliancechemical.com/cdn/shop/files/ethanol-sda-3a-190-proof.pdf
7082076373034,Denatured Alcohol 190 Proof 3C,https://alliancechemical.com/cdn/shop/files/SDS_Dent._Alcohol_190_Proof_3C_May_2022_Alliance.pdf
7082076405802,Denatured Alcohol 200 Proof 3A,https://alliancechemical.com/cdn/shop/files/ethyl-alcohol-sda-3a-200-proof.pdf
7082076471338,Denatured Alcohol 200 Proof 3C,https://alliancechemical.com/cdn/shop/files/SDS_Denatured_alcohol_200_proof_3C-ALLIANCE_JULY_2021.pdf
7082076536874,D-Limonene Technical Grade,https://alliancechemical.com/cdn/shop/files/D-Limonene_2023_Technical_Grade.pdf
7082076602410,D-Limonene Food Grade,https://alliancechemical.com/cdn/shop/files/D-Limonene_2023.pdf
7082076700714,Drain Hammer - Sulfuric Acid Drain Cleaner,https://alliancechemical.com/cdn/shop/files/Sulfuric_Acid_93_ab22ebd4-7ad2-48e5-bb71-67130d01ee91.pdf
7082076766250,EponResin 828,https://alliancechemical.com/cdn/shop/files/Epon_Resin_828.pdf
7082076799018,Ethyl Acetate,https://alliancechemical.com/cdn/shop/files/ethyl-acetate_2023.pdf
7082076831786,Ethyl Acetate ACS,https://alliancechemical.com/cdn/shop/files/ethyl-acetate_2023.pdf
7082076864554,Ethylene Glycol 50/50,https://alliancechemical.com/cdn/shop/files/Ethylene_Glycol_50-50.pdf
7082076962858,Ethylene Glycol 60/40,https://alliancechemical.com/cdn/shop/files/Ethylene_Glycol_60-40.pdf
7082077028394,Ethylene Glycol ACS Grade,https://alliancechemical.com/cdn/shop/files/Ethylene_Glycol_acs_grade_2022.pdf
7082077093930,Ethylene Glycol Inhibited ACS Grade,https://alliancechemical.com/cdn/shop/files/ETHYLENE_GLYCOL_100_INHIBITED_93016e65-3e30-4ec6-94f8-2c27f7868236.pdf
7082077126698,Ethylene Glycol Semiconductor Grade,https://alliancechemical.com/cdn/shop/files/Ethylene_Glycol.pdf
7082077192234,Ferric Chloride 40%,https://alliancechemical.com/cdn/shop/files/SDS__Ferric-chloride_40_Alliance.pdf
7082077290538,FlameXcel - Dual Power Fuel,https://alliancechemical.com/cdn/shop/files/FlameXcel.pdf
7082077323306,Gleam Guru - Ammonia Cleaning Solution,https://alliancechemical.com/cdn/shop/files/Gleam_Guru.pdf
7082077388842,Glowguard Tile Restorer,
7082077487146,Glycerin Technical Grade,https://alliancechemical.com/cdn/shop/files/glycerin-grade.pdf
7082077519914,Glycerin USP Grade,https://alliancechemical.com/cdn/shop/files/glycerin-grade_0e63b385-9f37-4125-add4-7864bd13e1e3.pdf
7082077585450,Glycol Ether EE,https://alliancechemical.com/cdn/shop/files/Glycol_Ether_EE.pdf
7082077650986,Glycol Ether EE ACS,https://alliancechemical.com/cdn/shop/files/Glycol_Ether_EE.pdf
7082077683754,Hexane ACS Reagent Grade,https://alliancechemical.com/cdn/shop/files/hexane.pdf
7082077716522,Hydrochloric Acid 15% Technical Grade,https://alliancechemical.com/cdn/shop/files/hydrochloric-acid-15.pdf
7082077782058,Hydrochloric Acid 31% Technical Grade,https://alliancechemical.com/cdn/shop/files/hydrochloric-acid-31_-20-be-technical.pdf
7082077880362,Hydrochloric Acid 37% (HCL 37%) - Technical Grade,https://alliancechemical.com/cdn/shop/files/Hydrochloric_Acid_37.pdf
7082077945898,Hydrochloric Acid 37% ACS Reagent Grade,https://alliancechemical.com/cdn/shop/files/SDS_Hydrochloric_Acid_37_ACS_ALLIANCE_AUG_2022.pdf
7082078011434,Hydrochloric Acid 5% Technical Grade,https://alliancechemical.com/cdn/shop/files/Hydrochloric_Acid_5__v-v_Alliance_June_2023.pdf
7082078044202,Hydrofluorosilicic Acid 23% (HFS),https://alliancechemical.com/cdn/shop/files/Hydrofluorosilicic_Acid.pdf
7082078109738,Hydrofluorosilicic Acid 23% ACS,https://alliancechemical.com/cdn/shop/files/Hydrofluorosilicic_Acid.pdf
7082078208042,Hydrogen Peroxide 10% ACS Grade,https://alliancechemical.com/cdn/shop/files/Hydrogen-Peroxide-10.pdf
7082078273578,Hydrogen Peroxide 10% Technical Grade,https://alliancechemical.com/cdn/shop/files/Hydrogen-Peroxide-10_1bd40d91-46e8-4a06-a5a4-e4b9ffe70846.pdf
7082078306346,Hydrogen Peroxide 12% ACS Grade,https://alliancechemical.com/cdn/shop/files/hydrogen-peroxide-12.pdf
7082078371882,Hydrogen Peroxide 12% Technical Grade,https://alliancechemical.com/cdn/shop/files/hydrogen-peroxide-12.pdf
7082078437418,Hydrogen Peroxide 15% ACS Grade,
7082078470186,Hydrogen Peroxide 15% Technical Grade,
7082078601258,Hydrogen Peroxide 25% ACS Grade,https://alliancechemical.com/cdn/shop/files/Hydrogen_Peroxide_25_ACS.pdf
7082078666794,Hydrogen Peroxide 25% Technical Grade,https://alliancechemical.com/cdn/shop/files/Hydrogen_Peroxide_25_Technical.pdf
7082078765098,Hydrogen Peroxide 3% Technical Grade,https://alliancechemical.com/cdn/shop/files/Hydrogen-Peroxide-3-6.pdf
7082078797866,Hydrogen Peroxide 30% ACS Grade,https://alliancechemical.com/cdn/shop/files/Hydrogen_Peroxide_30_ACS.pdf
7082078830634,Hydrogen Peroxide 30% Technical,https://alliancechemical.com/cdn/shop/files/Hydrogen_Peroxide_30_Technical.pdf
7082078896170,Hydrogen Peroxide 5% ACS Grade,https://alliancechemical.com/cdn/shop/files/Hydrogen-Peroxide-3-6_95aa61db-5eed-4115-bea8-30b3a65a0768.pdf
7082078928938,Hydrogen Peroxide 5% Technical Grade,https://alliancechemical.com/cdn/shop/files/Hydrogen-Peroxide-3-6_773c60df-c9e6-4820-aba5-97eb42215954.pdf
7082078994474,Hydrogen Peroxide 6% ACS Grade,https://alliancechemical.com/cdn/shop/files/Hydrogen-Peroxide-3-6_773c60df-c9e6-4820-aba5-97eb42215954.pdf
7082079060010,Hydrogen Peroxide 6% Technical Grade,https://alliancechemical.com/cdn/shop/files/Hydrogen-Peroxide-3-6_0a8f62f9-0db3-41a1-83ed-47a3fd1a3096.pdf
7082079092778,Talc Powder - Gray Colored,https://alliancechemical.com/cdn/shop/files/SDS_Talc_-_Powder_Alliance_2.pdf
7082079158314,Isobutyl Alcohol 99%,https://alliancechemical.com/cdn/shop/files/ISOBUTYL_ALCOHOL_Alliance_2022.pdf
7082079223850,Isobutyl Alcohol 99% ACS Grade,https://alliancechemical.com/cdn/shop/files/ISOBUTYL_ALCOHOL_Alliance_2022.pdf
7082079256618,Isopropyl Acetate 99.98%,https://alliancechemical.com/cdn/shop/files/ISOPROPYL_ACETATE.pdf
7082079354922,Isopropyl Acetate 99.98% ACS Grade,https://alliancechemical.com/cdn/shop/files/ISOPROPYL_ACETATE.pdf
7082079420458,Isopropyl Alcohol 70% USP Grade,https://alliancechemical.com/cdn/shop/files/Isopropyl_Alcohol-70.pdf
7082079453226,Isopropyl Alcohol 91%- USP Grade,https://alliancechemical.com/cdn/shop/files/91-Isopropyl-Alcohol.pdf
7082079551530,Isopropyl Alcohol 99%,https://alliancechemical.com/cdn/shop/files/Isopropyl_Alcohol_IPA_All_Grade_Alliance_April_2024.pdf
7082079584298,Isopropyl Alcohol 99.9% ACS Reagent Grade,https://alliancechemical.com/cdn/shop/files/SDS_Isopropyl_Alcohol_IPA_All_Grade_Alliance_April_2022.pdf
7082079649834,Kerosene - K1 Clean Burning Fuel,https://alliancechemical.com/cdn/shop/files/kerosene_Alliance_2023.pdf
7082079715370,Komodo Drain Cleaner,https://alliancechemical.com/cdn/shop/files/Komodo_Drain_Cleaner_SDS_Alliance.pdf
7082079748138,Magnesium Chloride Hexahydrate FCC USP Grade,https://alliancechemical.com/cdn/shop/files/Magnesium_Chloride_Hexahydrate_USP_Alliance_2023.pdf
7082079780906,Magnesium Hydroxide ACS,https://alliancechemical.com/cdn/shop/files/MAGNESIUM_HYDROXIDE.pdf
7082079879210,Magnesium Hydroxide Technical,https://alliancechemical.com/cdn/shop/files/MAGNESIUM_HYDROXIDE.pdf
7082079944746,Methanol ACS Reagent Grade,https://alliancechemical.com/cdn/shop/files/methanol.pdf
7082080075818,Methanol Technical Grade,https://alliancechemical.com/cdn/shop/files/methanol.pdf
7082080141354,Methyl Ethyl Ketone (MEK),https://alliancechemical.com/cdn/shop/files/mek_SDS.pdf
7082080174122,Methyl Ethyl Ketone (MEK) ACS Grade,https://alliancechemical.com/cdn/shop/files/mek_SDS.pdf
7082080239658,Methyl Isobutyl Ketone (MIBK) ACS Grade,https://alliancechemical.com/cdn/shop/files/MIBK_Alliance.pdf
7082080370730,Methyl Isobutyl Ketone (MIBK) Technical Grade,https://alliancechemical.com/cdn/shop/files/MIBK_Alliance.pdf
7082080403498,Methyl n-Amyl Ketone (MNAK),https://alliancechemical.com/cdn/shop/files/MAK_2023.pdf
7082080469034,Methyl n-Amyl Ketone (MNAK) ACS Grade,https://alliancechemical.com/cdn/shop/files/MAK_2023.pdf
7082080501802,Methyl n-Propyl Ketone (MPK),https://alliancechemical.com/cdn/shop/files/MPK_SDS.pdf
7082080600106,Methyl n-Propyl Ketone (MPK) ACS,https://alliancechemical.com/cdn/shop/files/MPK_SDS.pdf
7082080698410,Monoethanolamine (MEA),https://alliancechemical.com/cdn/shop/files/Monoethanolamine_MEA_ALLIANCE.pdf
7082080731178,Monoethanolamine (MEA) ACS Grade,https://alliancechemical.com/cdn/shop/files/Monoethanolamine_MEA_ALLIANCE.pdf
7082080763946,N-Butyl Acetate,https://alliancechemical.com/cdn/shop/files/SDS_BUTYL_ACETATE_NORMAL_99.5_Alliance_b59c460f-0d30-4c97-b011-fcba59d5a420.pdf
7082080796714,N-Butyl Alcohol,https://alliancechemical.com/cdn/shop/files/N-BUTYL_ALCOHOL_Alliance.pdf
7082080829482,n-Heptane 99% ACS,https://alliancechemical.com/cdn/shop/files/N-HEPTANE_Alliance_2023.pdf
7082080927786,n-Heptane 99% Technical,https://alliancechemical.com/cdn/shop/files/N-HEPTANE_Alliance_2023.pdf
7082080960554,Nitric Acid 20%,https://alliancechemical.com/cdn/shop/files/Nitric_Acid_20.pdf
7082080993322,Nitric Acid 25%,https://alliancechemical.com/cdn/shop/files/Nitric_Acid_25.pdf
7082081026090,Nitric Acid 40%,https://alliancechemical.com/cdn/shop/files/Nitric_Acid_40.pdf
7082081058858,Nitric Acid 5%,https://alliancechemical.com/cdn/shop/files/Nitric_Acid_5.pdf
7082081124394,Nitric Acid 65%,https://alliancechemical.com/cdn/shop/files/nitric-acid-65.pdf
7082081157162,Nitric Acid 70% ACS Grade - Low Particle,https://alliancechemical.com/cdn/shop/files/nitric-acid-70.pdf
7082081222698,Nitric Acid ACS 69% - 55 Gallon Drum,
7082081255466,n-Propyl Alcohol,https://alliancechemical.com/cdn/shop/files/n-propyl-alcohol.pdf
7082081321002,n-Propyl Alcohol ACS Grade,https://alliancechemical.com/cdn/shop/files/n-propyl-alcohol.pdf
7082081353770,Organic Vermiculite - Fine Grade,https://alliancechemical.com/cdn/shop/files/vermiculite-untreated_cba80d9e-72f7-4919-9e8a-a68062821f21.pdf
7082081386538,Oxalic Acid ACS Grade,https://alliancechemical.com/cdn/shop/files/SDS_Oxalic_Acid_Dihydrate_Alliance_2022.pdf
